Colname,Conformity,Continent,Label
"2,4-DB|soil|agricultural",Nonconformity,North America,1
Acrinathrin|soil|agricultural,Acceptable conformity,North America,2
Aluminium III|soil|industrial,Nonconformity,North America,3
Antimony ion|soil|agricultural,Nonconformity,North America,4
Asulam|soil|agricultural,Acceptable conformity,North America,5
Atrazine|soil|agricultural,Nonconformity,North America,6
Barium II|soil|agricultural,Nonconformity,North America,7
Benomyl|soil|agricultural,Marginally acceptable conformity,North America,8
Beryllium II|soil|industrial,Marginally acceptable conformity,North America,9
Beryllium II|soil|unspecified,Nonconformity,North America,10
Beta-cyfluthrin|soil|agricultural,Acceptable conformity,North America,11
Boron|soil|agricultural,Nonconformity,North America,12
Boron|soil|industrial,Marginally acceptable conformity,North America,13
Bromine|soil|industrial,Acceptable conformity,North America,14
Calcium II|soil|unspecified,Nonconformity,North America,15
Carbon|soil|industrial,Marginally acceptable conformity,North America,16
Carbon|soil|unspecified,Acceptable conformity,North America,17
Chlormequat|soil|agricultural,Nonconformity,North America,18
Chlorothalonil|soil|agricultural,Nonconformity,North America,19
Chlorotoluron|soil|agricultural,Nonconformity,North America,20
Clothianidin|soil|agricultural,Nonconformity,North America,21
Deltamethrin|soil|agricultural,Marginally acceptable conformity,North America,22
Diafenthiuron|soil|agricultural,Nonconformity,North America,23
"Dioxins, measured as 2,3,7,8-tetrachlorodibenzo-p-dioxin|soil|unspecified",Acceptable conformity,North America,24
Ethephon|soil|agricultural,Nonconformity,North America,25
Fenoxaprop ethyl ester|soil|agricultural,Nonconformity,North America,26
Flonicamid|soil|agricultural,Nonconformity,North America,27
Fluazifop-P-butyl|soil|agricultural,Nonconformity,North America,28
Fludioxonil|soil|forestry,Marginally acceptable conformity,North America,29
Flumioxazin|soil|forestry,Nonconformity,North America,30
Fluquinconazole|soil|agricultural,Marginally acceptable conformity,North America,31
Glufosinate|soil|agricultural,Acceptable conformity,North America,33
Glufosinate ammonium|soil|agricultural,Marginally acceptable conformity,North America,32
Glyphosate|soil|forestry,Nonconformity,North America,34
"Heat, waste|soil|agricultural",Nonconformity,North America,35
"Hydrocarbons, unspecified|soil|unspecified",Nonconformity,North America,36
Imazethapyr|soil|agricultural,Acceptable conformity,North America,37
Iodosulfuron|soil|agricultural,Nonconformity,North America,38
Iron ion|soil|industrial,Nonconformity,North America,39
Lenacil|soil|agricultural,Nonconformity,North America,40
Linuron|soil|agricultural,Nonconformity,North America,41
MCPB|soil|agricultural,Acceptable conformity,North America,43
Magnesium|soil|industrial,Marginally acceptable conformity,North America,42
Mecoprop-P|soil|agricultural,Acceptable conformity,North America,44
Mefenpyr-diethyl|soil|agricultural,Marginally acceptable conformity,North America,45
Mercury II|soil|unspecified,Nonconformity,North America,46
Metalaxil|soil|agricultural,Acceptable conformity,North America,47
Metamitron|soil|agricultural,Nonconformity,North America,48
Nitrogen|soil|industrial,Nonconformity,North America,49
Oxyfluorfen|soil|agricultural,Nonconformity,North America,50
Paraquat|soil|agricultural,Marginally acceptable conformity,North America,51
Parathion|soil|agricultural,Marginally acceptable conformity,North America,52
Pendimethalin|soil|agricultural,Nonconformity,North America,53
Phosphorus|soil|unspecified,Acceptable conformity,North America,54
Picoxystrobin|soil|agricultural,Marginally acceptable conformity,North America,55
Piperonyl butoxide|soil|agricultural,Nonconformity,North America,56
Potassium I|soil|unspecified,Nonconformity,North America,57
Prochloraz|soil|agricultural,Nonconformity,North America,58
Propargite|soil|agricultural,Nonconformity,North America,59
Propiconazole|soil|agricultural,Nonconformity,North America,60
Pyrethrum|soil|agricultural,Nonconformity,North America,61
Quinmerac|soil|agricultural,Acceptable conformity,North America,62
Quizalofop-p-ethyl|soil|agricultural,Acceptable conformity,North America,63
Scandium|soil|unspecified,Nonconformity,North America,64
Silicon|soil|unspecified,Marginally acceptable conformity,North America,65
Silver I|soil|unspecified,Nonconformity,North America,66
Strontium II|soil|industrial,Acceptable conformity,North America,67
Sulfentrazone|soil|agricultural,Nonconformity,North America,68
Sulfur|soil|industrial,Marginally acceptable conformity,North America,69
Sulfur|soil|unspecified,Marginally acceptable conformity,North America,70
Thallium I|soil|industrial,Nonconformity,North America,71
Thallium I|soil|unspecified,Marginally acceptable conformity,North America,72
Thifensulfuron-methyl|soil|agricultural,Marginally acceptable conformity,North America,73
Thiram|soil|agricultural,Nonconformity,North America,74
Tin ion|soil|unspecified,Acceptable conformity,North America,75
Titanium ion|soil|agricultural,Nonconformity,North America,76
Titanium ion|soil|industrial,Nonconformity,North America,77
Titanium ion|soil|unspecified,Marginally acceptable conformity,North America,78
Trichlorfon|soil|agricultural,Nonconformity,North America,79
Trifloxystrobin|soil|agricultural,Nonconformity,North America,80
Trifloxystrobin|soil|forestry,Nonconformity,North America,81
Trinexapac-ethyl|soil|agricultural,Nonconformity,North America,82
Vanadium V|soil|industrial,Marginally acceptable conformity,North America,83
Vanadium V|soil|unspecified,Marginally acceptable conformity,North America,84
Zeta-cypermethrin|soil|agricultural,Nonconformity,North America,85
Zinc II|soil|industrial,Nonconformity,North America,86
"2,4-DB|soil|agricultural",Acceptable conformity,Europe,1
Acrinathrin|soil|agricultural,Acceptable conformity,Europe,2
Aluminium III|soil|industrial,Acceptable conformity,Europe,3
Antimony ion|soil|agricultural,Close conformity,Europe,4
Asulam|soil|agricultural,Acceptable conformity,Europe,5
Atrazine|soil|agricultural,Acceptable conformity,Europe,6
Barium II|soil|agricultural,Marginally acceptable conformity,Europe,7
Benomyl|soil|agricultural,Close conformity,Europe,8
Beryllium II|soil|industrial,Acceptable conformity,Europe,9
Beryllium II|soil|unspecified,Marginally acceptable conformity,Europe,10
Beta-cyfluthrin|soil|agricultural,Close conformity,Europe,11
Boron|soil|agricultural,Marginally acceptable conformity,Europe,12
Boron|soil|industrial,Acceptable conformity,Europe,13
Bromine|soil|industrial,Acceptable conformity,Europe,14
Calcium II|soil|unspecified,Marginally acceptable conformity,Europe,15
Carbon|soil|industrial,Acceptable conformity,Europe,16
Carbon|soil|unspecified,Nonconformity,Europe,17
Chlormequat|soil|agricultural,Acceptable conformity,Europe,18
Chlorothalonil|soil|agricultural,Marginally acceptable conformity,Europe,19
Chlorotoluron|soil|agricultural,Acceptable conformity,Europe,20
Clothianidin|soil|agricultural,Acceptable conformity,Europe,21
Deltamethrin|soil|agricultural,Acceptable conformity,Europe,22
Diafenthiuron|soil|agricultural,Close conformity,Europe,23
"Dioxins, measured as 2,3,7,8-tetrachlorodibenzo-p-dioxin|soil|unspecified",Marginally acceptable conformity,Europe,24
Ethephon|soil|agricultural,Marginally acceptable conformity,Europe,25
Fenoxaprop ethyl ester|soil|agricultural,Acceptable conformity,Europe,26
Flonicamid|soil|agricultural,Acceptable conformity,Europe,27
Fluazifop-P-butyl|soil|agricultural,Acceptable conformity,Europe,28
Fludioxonil|soil|forestry,Acceptable conformity,Europe,29
Flumioxazin|soil|forestry,Close conformity,Europe,30
Fluquinconazole|soil|agricultural,Acceptable conformity,Europe,31
Glufosinate|soil|agricultural,Acceptable conformity,Europe,33
Glufosinate ammonium|soil|agricultural,Acceptable conformity,Europe,32
Glyphosate|soil|forestry,Acceptable conformity,Europe,34
"Heat, waste|soil|agricultural",Marginally acceptable conformity,Europe,35
"Hydrocarbons, unspecified|soil|unspecified",Acceptable conformity,Europe,36
Imazethapyr|soil|agricultural,Acceptable conformity,Europe,37
Iodosulfuron|soil|agricultural,Acceptable conformity,Europe,38
Iron ion|soil|industrial,Acceptable conformity,Europe,39
Lenacil|soil|agricultural,Acceptable conformity,Europe,40
Linuron|soil|agricultural,Acceptable conformity,Europe,41
MCPB|soil|agricultural,Close conformity,Europe,43
Magnesium|soil|industrial,Acceptable conformity,Europe,42
Mecoprop-P|soil|agricultural,Acceptable conformity,Europe,44
Mefenpyr-diethyl|soil|agricultural,Acceptable conformity,Europe,45
Mercury II|soil|unspecified,Marginally acceptable conformity,Europe,46
Metalaxil|soil|agricultural,Acceptable conformity,Europe,47
Metamitron|soil|agricultural,Acceptable conformity,Europe,48
Nitrogen|soil|industrial,Acceptable conformity,Europe,49
Oxyfluorfen|soil|agricultural,Close conformity,Europe,50
Paraquat|soil|agricultural,Acceptable conformity,Europe,51
Parathion|soil|agricultural,Marginally acceptable conformity,Europe,52
Pendimethalin|soil|agricultural,Acceptable conformity,Europe,53
Phosphorus|soil|unspecified,Marginally acceptable conformity,Europe,54
Picoxystrobin|soil|agricultural,Close conformity,Europe,55
Piperonyl butoxide|soil|agricultural,Acceptable conformity,Europe,56
Potassium I|soil|unspecified,Acceptable conformity,Europe,57
Prochloraz|soil|agricultural,Acceptable conformity,Europe,58
Propargite|soil|agricultural,Acceptable conformity,Europe,59
Propiconazole|soil|agricultural,Acceptable conformity,Europe,60
Pyrethrum|soil|agricultural,Acceptable conformity,Europe,61
Quinmerac|soil|agricultural,Acceptable conformity,Europe,62
Quizalofop-p-ethyl|soil|agricultural,Acceptable conformity,Europe,63
Scandium|soil|unspecified,Nonconformity,Europe,64
Silicon|soil|unspecified,Nonconformity,Europe,65
Silver I|soil|unspecified,Acceptable conformity,Europe,66
Strontium II|soil|industrial,Acceptable conformity,Europe,67
Sulfentrazone|soil|agricultural,Marginally acceptable conformity,Europe,68
Sulfur|soil|industrial,Acceptable conformity,Europe,69
Sulfur|soil|unspecified,Marginally acceptable conformity,Europe,70
Thallium I|soil|industrial,Acceptable conformity,Europe,71
Thallium I|soil|unspecified,Marginally acceptable conformity,Europe,72
Thifensulfuron-methyl|soil|agricultural,Acceptable conformity,Europe,73
Thiram|soil|agricultural,Close conformity,Europe,74
Tin ion|soil|unspecified,Nonconformity,Europe,75
Titanium ion|soil|agricultural,Acceptable conformity,Europe,76
Titanium ion|soil|industrial,Acceptable conformity,Europe,77
Titanium ion|soil|unspecified,Marginally acceptable conformity,Europe,78
Trichlorfon|soil|agricultural,Close conformity,Europe,79
Trifloxystrobin|soil|agricultural,Acceptable conformity,Europe,80
Trifloxystrobin|soil|forestry,Acceptable conformity,Europe,81
Trinexapac-ethyl|soil|agricultural,Acceptable conformity,Europe,82
Vanadium V|soil|industrial,Acceptable conformity,Europe,83
Vanadium V|soil|unspecified,Nonconformity,Europe,84
Zeta-cypermethrin|soil|agricultural,Acceptable conformity,Europe,85
Zinc II|soil|industrial,Acceptable conformity,Europe,86
"2,4-DB|soil|agricultural",Marginally acceptable conformity,South America,1
Acrinathrin|soil|agricultural,Acceptable conformity,South America,2
Aluminium III|soil|industrial,Nonconformity,South America,3
Antimony ion|soil|agricultural,Nonconformity,South America,4
Asulam|soil|agricultural,Acceptable conformity,South America,5
Atrazine|soil|agricultural,Acceptable conformity,South America,6
Barium II|soil|agricultural,Nonconformity,South America,7
Benomyl|soil|agricultural,Marginally acceptable conformity,South America,8
Beryllium II|soil|industrial,Acceptable conformity,South America,9
Beryllium II|soil|unspecified,Acceptable conformity,South America,10
Beta-cyfluthrin|soil|agricultural,Marginally acceptable conformity,South America,11
Boron|soil|agricultural,Marginally acceptable conformity,South America,12
Boron|soil|industrial,Nonconformity,South America,13
Bromine|soil|industrial,Marginally acceptable conformity,South America,14
Calcium II|soil|unspecified,Acceptable conformity,South America,15
Carbon|soil|industrial,Marginally acceptable conformity,South America,16
Carbon|soil|unspecified,Marginally acceptable conformity,South America,17
Chlormequat|soil|agricultural,Nonconformity,South America,18
Chlorothalonil|soil|agricultural,Acceptable conformity,South America,19
Chlorotoluron|soil|agricultural,Nonconformity,South America,20
Clothianidin|soil|agricultural,Acceptable conformity,South America,21
Deltamethrin|soil|agricultural,Nonconformity,South America,22
Diafenthiuron|soil|agricultural,Marginally acceptable conformity,South America,23
"Dioxins, measured as 2,3,7,8-tetrachlorodibenzo-p-dioxin|soil|unspecified",Marginally acceptable conformity,South America,24
Ethephon|soil|agricultural,Nonconformity,South America,25
Fenoxaprop ethyl ester|soil|agricultural,Acceptable conformity,South America,26
Flonicamid|soil|agricultural,Marginally acceptable conformity,South America,27
Fluazifop-P-butyl|soil|agricultural,Marginally acceptable conformity,South America,28
Fludioxonil|soil|forestry,Marginally acceptable conformity,South America,29
Flumioxazin|soil|forestry,Nonconformity,South America,30
Fluquinconazole|soil|agricultural,Nonconformity,South America,31
Glufosinate|soil|agricultural,Nonconformity,South America,33
Glufosinate ammonium|soil|agricultural,Nonconformity,South America,32
Glyphosate|soil|forestry,Nonconformity,South America,34
"Heat, waste|soil|agricultural",Acceptable conformity,South America,35
"Hydrocarbons, unspecified|soil|unspecified",Nonconformity,South America,36
Imazethapyr|soil|agricultural,Marginally acceptable conformity,South America,37
Iodosulfuron|soil|agricultural,Acceptable conformity,South America,38
Iron ion|soil|industrial,Marginally acceptable conformity,South America,39
Lenacil|soil|agricultural,Nonconformity,South America,40
Linuron|soil|agricultural,Marginally acceptable conformity,South America,41
MCPB|soil|agricultural,Marginally acceptable conformity,South America,43
Magnesium|soil|industrial,Marginally acceptable conformity,South America,42
Mecoprop-P|soil|agricultural,Nonconformity,South America,44
Mefenpyr-diethyl|soil|agricultural,Marginally acceptable conformity,South America,45
Mercury II|soil|unspecified,Acceptable conformity,South America,46
Metalaxil|soil|agricultural,Marginally acceptable conformity,South America,47
Metamitron|soil|agricultural,Marginally acceptable conformity,South America,48
Nitrogen|soil|industrial,Acceptable conformity,South America,49
Oxyfluorfen|soil|agricultural,Acceptable conformity,South America,50
Paraquat|soil|agricultural,Acceptable conformity,South America,51
Parathion|soil|agricultural,Marginally acceptable conformity,South America,52
Pendimethalin|soil|agricultural,Nonconformity,South America,53
Phosphorus|soil|unspecified,Marginally acceptable conformity,South America,54
Picoxystrobin|soil|agricultural,Marginally acceptable conformity,South America,55
Piperonyl butoxide|soil|agricultural,Marginally acceptable conformity,South America,56
Potassium I|soil|unspecified,Acceptable conformity,South America,57
Prochloraz|soil|agricultural,Nonconformity,South America,58
Propargite|soil|agricultural,Marginally acceptable conformity,South America,59
Propiconazole|soil|agricultural,Marginally acceptable conformity,South America,60
Pyrethrum|soil|agricultural,Marginally acceptable conformity,South America,61
Quinmerac|soil|agricultural,Acceptable conformity,South America,62
Quizalofop-p-ethyl|soil|agricultural,Acceptable conformity,South America,63
Scandium|soil|unspecified,Acceptable conformity,South America,64
Silicon|soil|unspecified,Acceptable conformity,South America,65
Silver I|soil|unspecified,Marginally acceptable conformity,South America,66
Strontium II|soil|industrial,Marginally acceptable conformity,South America,67
Sulfentrazone|soil|agricultural,Acceptable conformity,South America,68
Sulfur|soil|industrial,Nonconformity,South America,69
Sulfur|soil|unspecified,Acceptable conformity,South America,70
Thallium I|soil|industrial,Acceptable conformity,South America,71
Thallium I|soil|unspecified,Marginally acceptable conformity,South America,72
Thifensulfuron-methyl|soil|agricultural,Nonconformity,South America,73
Thiram|soil|agricultural,Acceptable conformity,South America,74
Tin ion|soil|unspecified,Acceptable conformity,South America,75
Titanium ion|soil|agricultural,Acceptable conformity,South America,76
Titanium ion|soil|industrial,Acceptable conformity,South America,77
Titanium ion|soil|unspecified,Nonconformity,South America,78
Trichlorfon|soil|agricultural,Acceptable conformity,South America,79
Trifloxystrobin|soil|agricultural,Acceptable conformity,South America,80
Trifloxystrobin|soil|forestry,Marginally acceptable conformity,South America,81
Trinexapac-ethyl|soil|agricultural,Nonconformity,South America,82
Vanadium V|soil|industrial,Marginally acceptable conformity,South America,83
Vanadium V|soil|unspecified,Acceptable conformity,South America,84
Zeta-cypermethrin|soil|agricultural,Nonconformity,South America,85
Zinc II|soil|industrial,Acceptable conformity,South America,86
"2,4-DB|soil|agricultural",Marginally acceptable conformity,Asia,1
Acrinathrin|soil|agricultural,Marginally acceptable conformity,Asia,2
Aluminium III|soil|industrial,Marginally acceptable conformity,Asia,3
Antimony ion|soil|agricultural,Nonconformity,Asia,4
Asulam|soil|agricultural,Nonconformity,Asia,5
Atrazine|soil|agricultural,Nonconformity,Asia,6
Barium II|soil|agricultural,Nonconformity,Asia,7
Benomyl|soil|agricultural,Nonconformity,Asia,8
Beryllium II|soil|industrial,Nonconformity,Asia,9
Beryllium II|soil|unspecified,Nonconformity,Asia,10
Beta-cyfluthrin|soil|agricultural,Acceptable conformity,Asia,11
Boron|soil|agricultural,Nonconformity,Asia,12
Boron|soil|industrial,Acceptable conformity,Asia,13
Bromine|soil|industrial,Nonconformity,Asia,14
Calcium II|soil|unspecified,Nonconformity,Asia,15
Carbon|soil|industrial,Nonconformity,Asia,16
Carbon|soil|unspecified,Nonconformity,Asia,17
Chlormequat|soil|agricultural,Nonconformity,Asia,18
Chlorothalonil|soil|agricultural,Nonconformity,Asia,19
Chlorotoluron|soil|agricultural,Nonconformity,Asia,20
Clothianidin|soil|agricultural,Nonconformity,Asia,21
Deltamethrin|soil|agricultural,Marginally acceptable conformity,Asia,22
Diafenthiuron|soil|agricultural,Nonconformity,Asia,23
"Dioxins, measured as 2,3,7,8-tetrachlorodibenzo-p-dioxin|soil|unspecified",Nonconformity,Asia,24
Ethephon|soil|agricultural,Nonconformity,Asia,25
Fenoxaprop ethyl ester|soil|agricultural,Nonconformity,Asia,26
Flonicamid|soil|agricultural,Nonconformity,Asia,27
Fluazifop-P-butyl|soil|agricultural,Nonconformity,Asia,28
Fludioxonil|soil|forestry,Nonconformity,Asia,29
Flumioxazin|soil|forestry,Nonconformity,Asia,30
Fluquinconazole|soil|agricultural,Nonconformity,Asia,31
Glufosinate|soil|agricultural,Nonconformity,Asia,33
Glufosinate ammonium|soil|agricultural,Nonconformity,Asia,32
Glyphosate|soil|forestry,Marginally acceptable conformity,Asia,34
"Heat, waste|soil|agricultural",Nonconformity,Asia,35
"Hydrocarbons, unspecified|soil|unspecified",Nonconformity,Asia,36
Imazethapyr|soil|agricultural,Nonconformity,Asia,37
Iodosulfuron|soil|agricultural,Nonconformity,Asia,38
Iron ion|soil|industrial,Marginally acceptable conformity,Asia,39
Lenacil|soil|agricultural,Marginally acceptable conformity,Asia,40
Linuron|soil|agricultural,Nonconformity,Asia,41
MCPB|soil|agricultural,Nonconformity,Asia,43
Magnesium|soil|industrial,Nonconformity,Asia,42
Mecoprop-P|soil|agricultural,Nonconformity,Asia,44
Mefenpyr-diethyl|soil|agricultural,Marginally acceptable conformity,Asia,45
Mercury II|soil|unspecified,Nonconformity,Asia,46
Metalaxil|soil|agricultural,Marginally acceptable conformity,Asia,47
Metamitron|soil|agricultural,Nonconformity,Asia,48
Nitrogen|soil|industrial,Nonconformity,Asia,49
Oxyfluorfen|soil|agricultural,Nonconformity,Asia,50
Paraquat|soil|agricultural,Nonconformity,Asia,51
Parathion|soil|agricultural,Marginally acceptable conformity,Asia,52
Pendimethalin|soil|agricultural,Nonconformity,Asia,53
Phosphorus|soil|unspecified,Nonconformity,Asia,54
Picoxystrobin|soil|agricultural,Nonconformity,Asia,55
Piperonyl butoxide|soil|agricultural,Nonconformity,Asia,56
Potassium I|soil|unspecified,Nonconformity,Asia,57
Prochloraz|soil|agricultural,Nonconformity,Asia,58
Propargite|soil|agricultural,Nonconformity,Asia,59
Propiconazole|soil|agricultural,Nonconformity,Asia,60
Pyrethrum|soil|agricultural,Nonconformity,Asia,61
Quinmerac|soil|agricultural,Marginally acceptable conformity,Asia,62
Quizalofop-p-ethyl|soil|agricultural,Nonconformity,Asia,63
Scandium|soil|unspecified,Nonconformity,Asia,64
Silicon|soil|unspecified,Nonconformity,Asia,65
Silver I|soil|unspecified,Nonconformity,Asia,66
Strontium II|soil|industrial,Marginally acceptable conformity,Asia,67
Sulfentrazone|soil|agricultural,Nonconformity,Asia,68
Sulfur|soil|industrial,Marginally acceptable conformity,Asia,69
Sulfur|soil|unspecified,Nonconformity,Asia,70
Thallium I|soil|industrial,Nonconformity,Asia,71
Thallium I|soil|unspecified,Nonconformity,Asia,72
Thifensulfuron-methyl|soil|agricultural,Nonconformity,Asia,73
Thiram|soil|agricultural,Nonconformity,Asia,74
Tin ion|soil|unspecified,Nonconformity,Asia,75
Titanium ion|soil|agricultural,Nonconformity,Asia,76
Titanium ion|soil|industrial,Nonconformity,Asia,77
Titanium ion|soil|unspecified,Nonconformity,Asia,78
Trichlorfon|soil|agricultural,Nonconformity,Asia,79
Trifloxystrobin|soil|agricultural,Nonconformity,Asia,80
Trifloxystrobin|soil|forestry,Nonconformity,Asia,81
Trinexapac-ethyl|soil|agricultural,Marginally acceptable conformity,Asia,82
Vanadium V|soil|industrial,Nonconformity,Asia,83
Vanadium V|soil|unspecified,Nonconformity,Asia,84
Zeta-cypermethrin|soil|agricultural,Nonconformity,Asia,85
Zinc II|soil|industrial,Marginally acceptable conformity,Asia,86
"2,4-DB|soil|agricultural",Nonconformity,Africa,1
Acrinathrin|soil|agricultural,Nonconformity,Africa,2
Aluminium III|soil|industrial,Nonconformity,Africa,3
Antimony ion|soil|agricultural,Nonconformity,Africa,4
Asulam|soil|agricultural,Nonconformity,Africa,5
Atrazine|soil|agricultural,Nonconformity,Africa,6
Barium II|soil|agricultural,Marginally acceptable conformity,Africa,7
Benomyl|soil|agricultural,Marginally acceptable conformity,Africa,8
Beryllium II|soil|industrial,Nonconformity,Africa,9
Beryllium II|soil|unspecified,Nonconformity,Africa,10
Beta-cyfluthrin|soil|agricultural,Nonconformity,Africa,11
Boron|soil|agricultural,Nonconformity,Africa,12
Boron|soil|industrial,Nonconformity,Africa,13
Bromine|soil|industrial,Nonconformity,Africa,14
Calcium II|soil|unspecified,Nonconformity,Africa,15
Carbon|soil|industrial,Marginally acceptable conformity,Africa,16
Carbon|soil|unspecified,Nonconformity,Africa,17
Chlormequat|soil|agricultural,Nonconformity,Africa,18
Chlorothalonil|soil|agricultural,Nonconformity,Africa,19
Chlorotoluron|soil|agricultural,Nonconformity,Africa,20
Clothianidin|soil|agricultural,Nonconformity,Africa,21
Deltamethrin|soil|agricultural,Nonconformity,Africa,22
Diafenthiuron|soil|agricultural,Nonconformity,Africa,23
"Dioxins, measured as 2,3,7,8-tetrachlorodibenzo-p-dioxin|soil|unspecified",Nonconformity,Africa,24
Ethephon|soil|agricultural,Nonconformity,Africa,25
Fenoxaprop ethyl ester|soil|agricultural,Nonconformity,Africa,26
Flonicamid|soil|agricultural,Nonconformity,Africa,27
Fluazifop-P-butyl|soil|agricultural,Nonconformity,Africa,28
Fludioxonil|soil|forestry,Nonconformity,Africa,29
Flumioxazin|soil|forestry,Nonconformity,Africa,30
Fluquinconazole|soil|agricultural,Nonconformity,Africa,31
Glufosinate|soil|agricultural,Nonconformity,Africa,33
Glufosinate ammonium|soil|agricultural,Nonconformity,Africa,32
Glyphosate|soil|forestry,Nonconformity,Africa,34
"Heat, waste|soil|agricultural",Nonconformity,Africa,35
"Hydrocarbons, unspecified|soil|unspecified",Nonconformity,Africa,36
Imazethapyr|soil|agricultural,Nonconformity,Africa,37
Iodosulfuron|soil|agricultural,Nonconformity,Africa,38
Iron ion|soil|industrial,Nonconformity,Africa,39
Lenacil|soil|agricultural,Nonconformity,Africa,40
Linuron|soil|agricultural,Nonconformity,Africa,41
MCPB|soil|agricultural,Marginally acceptable conformity,Africa,43
Magnesium|soil|industrial,Nonconformity,Africa,42
Mecoprop-P|soil|agricultural,Nonconformity,Africa,44
Mefenpyr-diethyl|soil|agricultural,Nonconformity,Africa,45
Mercury II|soil|unspecified,Nonconformity,Africa,46
Metalaxil|soil|agricultural,Nonconformity,Africa,47
Metamitron|soil|agricultural,Nonconformity,Africa,48
Nitrogen|soil|industrial,Nonconformity,Africa,49
Oxyfluorfen|soil|agricultural,Nonconformity,Africa,50
Paraquat|soil|agricultural,Nonconformity,Africa,51
Parathion|soil|agricultural,Nonconformity,Africa,52
Pendimethalin|soil|agricultural,Nonconformity,Africa,53
Phosphorus|soil|unspecified,Nonconformity,Africa,54
Picoxystrobin|soil|agricultural,Marginally acceptable conformity,Africa,55
Piperonyl butoxide|soil|agricultural,Nonconformity,Africa,56
Potassium I|soil|unspecified,Nonconformity,Africa,57
Prochloraz|soil|agricultural,Nonconformity,Africa,58
Propargite|soil|agricultural,Nonconformity,Africa,59
Propiconazole|soil|agricultural,Nonconformity,Africa,60
Pyrethrum|soil|agricultural,Nonconformity,Africa,61
Quinmerac|soil|agricultural,Nonconformity,Africa,62
Quizalofop-p-ethyl|soil|agricultural,Nonconformity,Africa,63
Scandium|soil|unspecified,Nonconformity,Africa,64
Silicon|soil|unspecified,Nonconformity,Africa,65
Silver I|soil|unspecified,Nonconformity,Africa,66
Strontium II|soil|industrial,Nonconformity,Africa,67
Sulfentrazone|soil|agricultural,Nonconformity,Africa,68
Sulfur|soil|industrial,Nonconformity,Africa,69
Sulfur|soil|unspecified,Nonconformity,Africa,70
Thallium I|soil|industrial,Nonconformity,Africa,71
Thallium I|soil|unspecified,Nonconformity,Africa,72
Thifensulfuron-methyl|soil|agricultural,Nonconformity,Africa,73
Thiram|soil|agricultural,Nonconformity,Africa,74
Tin ion|soil|unspecified,Nonconformity,Africa,75
Titanium ion|soil|agricultural,Nonconformity,Africa,76
Titanium ion|soil|industrial,Nonconformity,Africa,77
Titanium ion|soil|unspecified,Nonconformity,Africa,78
Trichlorfon|soil|agricultural,Nonconformity,Africa,79
Trifloxystrobin|soil|agricultural,Nonconformity,Africa,80
Trifloxystrobin|soil|forestry,Nonconformity,Africa,81
Trinexapac-ethyl|soil|agricultural,Nonconformity,Africa,82
Vanadium V|soil|industrial,Nonconformity,Africa,83
Vanadium V|soil|unspecified,Nonconformity,Africa,84
Zeta-cypermethrin|soil|agricultural,Nonconformity,Africa,85
Zinc II|soil|industrial,Nonconformity,Africa,86
